id,equation
0,-1
1,(71 * 9) + 66
2,-1
3,59 + 52 + 89 + 10 + 97 + 96
4,-1
5,(94 - 54) + (79 - 14)
6,39 + 18 + 3
7,-1
8,(69 - 29) + 39
9,(83 - 25) - (82 - 76)
10,-1
11,(70 - 15) + 8 + 42 - 41
12,-1
13,(72 + 16) - 2 - 1
14,(62 - 32) + 7 + 28
15,(56 + 28) - 1
16,-1
17,(80 + 19) + (9 + 16)
18,(62 - 18)
19,-1
20,(82 + 22) + (56 + 27)
21,-1
22,(29 + 12) + (29 + 100) + 72
23,-1
24,68 - 27 - 17
25,17 + 43 + 43 + 39
26,-1
27,(90 - 35) + (64 - 74) + 31
28,-1
29,-1
30,-1
31,10 + 59 + 92 + 49 + 32
32,30 * 22 + 79
33,-1
34,(97 - 78) + (67 - 67)
35,-1
36,38 + (63 - 60) + 9
37,(99 - 89) + 27
38,(58 / 1) - (60 - 32)
39,-1
40,-1
41,(33 + 47) + (85 - 39)
42,-1
43,(83 - 74) + (73 - 1)
44,(50 * 2) + 81
45,43 + (82 - 43 - 25)
46,(84 + 31) + 96 - 34
47,-1
48,55 + 4 + 76
49,(20 + 15) - (46 - 20)
50,-1
51,87 * 10 - 49 - 82
52,85 - (59 - 37)
53,-1
54,-1
55,(51 + 37) - (67 - 47)
56,(78 + 71) + 61 + 27
57,29 + (94 - 34 - 44)
58,(82 + 52) + (85 + 82)
59,-1
60,64 + 100 + 77
61,-1
62,-1
63,(88 - 52) + 25 + 8
64,78 + 59 + 64 - 34
65,(82 + 87) + (49 + 20) + 90
66,(50 + 49) + (65 - 53)
67,(73 + 37) - (80 - 72)
68,(50 * 14) - 31
69,(86 + 64) + (20 + 95)
70,-1
71,-1
72,(93 - 34) - (71 - 61)
73,-1
74,(77 - 38) - (44 - 7)
75,-1
76,73 + 41 - (43 - 40)
77,(82 - 31) - (71 - 27)
78,(100 - 33) - (76 - 26)
79,(83 + 85) - 18 + 98
80,76 - 32 - 3
81,(89 + 31) - 28 - 10
82,(99 - 24) + 40 + 90
83,(74 + 15) + 2
84,(90 + 69) - 95 + 49
85,-1
86,-1
87,75 + 59 + 2
88,-1
89,-1
90,(70 * 9) + 81
91,-1
92,-1
93,(70 + 6) - 22
94,-1
95,-1
96,(72 - 70) + (18 + 13)
97,73 + 73 + 31
98,(76 + 75) + (29 + 24)
99,38 + 48 + 27
100,72 * 7 - 11
101,71 + 97 + 98
102,(72 + 43) + (85 - 51)
103,(62 - 55) + 4 + 50
104,(70 + 30) - 14
105,(88 - 66) + 13
106,-1
107,-1
108,(63 + 48) + 5 - 23
109,-1
110,59 + 54
111,79 + 24 + 64 - 19
112,-1
113,-1
114,55 + 53
115,24 + 67 + 31 + 64
116,(73 - 51) + 67
117,-1
118,-1
119,(75 - 59) + 21
120,(99 + 47) + (100 - 99)
121,-1
122,80 + 66 + 73
123,(9 + 43) + 18 + 6
124,(61 + 3) - (80 - 83)
125,(63 + 34) - 78
126,-1
127,-1
128,16 * 22 + 38
129,(87 + 34) + 2 + 14
130,-1
131,36 + 97 + 90 + 12
132,74 * 11 - 83
133,27 * 30 + 63
134,(40 - 17) - (26 - 4)
135,(85 - 71) + (40 - 3)
136,-1
137,-1
138,(24 * 25) + (81 - 67)
139,-1
140,(87 - 46) - 31 - 7
141,(23 + 71) - 61
142,-1
143,-1
144,(77 - 51) + 23 + 61
145,64 + 48 + 63 + 36 + 24
146,(61 - 31) + 43 + 41
147,(36 - 35) + 7
148,46 * 22 - 88 - 16
149,(87 - 29) + 50
150,(88 + 24) + (98 - 80)
151,-1
152,(98 - 75) + (67 - 57)
153,(100 + 68) + 35 + 29
154,-1
155,(79 + 28) + (89 - 73)
156,98 - 20
157,(24 * 2) + 73 + 73
158,(84 + 30) + 51 - 1
159,(37 + 55) + (48 + 26)
160,(88 - 44) + (42 - 50)
161,29 + 79 + 40
162,(68 + 23) + (63 + 54) - 35
163,(60 + 18) - 20 + 4
164,-1
165,(76 + 25) + (44 - 15)
166,(92 + 80) - (89 - 85)
167,89 + 99 - 34
168,-1
169,-1
170,44 + 50 + 40 + 46 + 31
171,-1
172,-1
173,82 - 16
174,(50 + 32) - 43 + 29
175,(96 - 69) + 36 - 8
176,88 + 20 + 97 - 72
177,(48 * 4) + (52 - 33)
178,(91 + 73) + (54 + 46)
179,-1
180,-1
181,(9 + 99) + 19 - 5
182,-1
183,-1
184,-1
185,-1
186,-1
187,(32 * 3) + 40
188,13 * 74 - 66 - 67
189,-1
190,(82 + 26) + (98 + 67)
191,21 * 14 + 61
192,(88 + 64) + 1 + 88
193,-1
194,-1
195,(65 + 32) + (80 - 4)
196,80 + (57 - 37)
197,76 - (89 - 72)
198,58 + 25 + 86 + 97 + 14
199,90 * 8 + 96 - 81
200,(89 - 15) + (83 - 56)
201,85 + 91 - 82 + 63
202,-1
203,68 - 10 + 2
204,78 + 10 - 6
205,(88 + 99) + 49
206,75 + 30 - 2
207,30 + 83 + 23 + 21 + 91 + 24
208,-1
209,(89 - 37) + 24 + 46
210,61 + (92 - 38)
211,94 - 53 - 18 - 21
212,(58 / 1) - (79 - 57)
213,63 + 97 + 94 + 40
214,(80 + 26) + (93 + 5)
215,(52 - 15) + 28
216,(97 - 19) + 85
217,96 + 75 + 59 + 20 + 39
218,-1
219,(73 + 78) - 85 - 13
220,-1
221,(23 * 36) - 72 - 27
222,(59 - 29) - 25
223,90 + 40
224,46 + 32 + 89 + 94
225,86 + 84 + 76
226,96 + (92 - 77) + (54 - 42)
227,(84 + 31) - 40 + 90
228,-1
229,-1
230,-1
231,-1
232,(50 - 44) + 3 + 48
233,(35 + 26) + (80 - 32)
234,(93 - 41) + (86 - 7)
235,(97 - 93) + 18
236,-1
237,(53 + 34) + 16
238,-1
239,(99 + 16) - 37 + 14
240,-1
241,(94 + 31) - 11 + 42
242,29 * 7 + 44
243,94 - 14
244,(77 + 15) + (99 - 95)
245,(7 * 12) + 79 - 41
246,(95 - 56) + 73
247,-1
248,(72 - 51) - 6
249,17 + 62 + 55 + 64 + 100
250,-1
251,98 + 22 + 77 - 58
252,31 + 92 + 27
253,(22 + 23) + (50 + 64) + 67
254,(74 + 78) + 88
255,(62 + 6) + (89 + 16)
256,(98 - 57) + 56
257,70 * 10 + 38 + 15
258,(21 + 76) - (81 - 41)
259,(86 - 45) + (48 - 46)
260,-1
261,-1
262,(89 - 83) + 48
263,(78 - 66) + 7 + 2
264,68 - 29 - 11
265,(51 - 22)
266,(98 - 43) + 60
267,(80 - 53) + (72 - 39)
268,-1
269,(71 + 54) + (94 + 81)
270,(92 - 70) + (71 + 81)
271,-1
272,(92 - 70) + 18 + 19
273,-1
274,(87 - 68) + (41 - 36)
275,-1
276,-1
277,-1
278,86 - (78 - 52)
279,-1
280,-1
281,-1
282,(36 + 31) + (92 - 68)
283,61 + 9 + 90
284,(41 + 4) + 24
285,(90 + 84) + 40 - 19
286,-1
287,29 + 31
288,(62 + 24) - (94 - 66)
289,(79 - 59) + 2 + 19
290,(92 - 68) + 15
291,(54 + 22) + (42 - 19)
292,(73 + 46) + 43
293,-1
294,-1
295,(75 - 71) + (43 - 20)
296,-1
297,-1
298,82 + 94 + 67 + 73 + 29
299,(58 + 34) + 45
300,(68 + 45) + 50 + 28
301,-1
302,72 + 52
303,-1
304,-1
305,(10 * 25) + 17 + 63
306,(98 + 48) + 71 + 69
307,(96 - 20) + 11 + 86
308,(59 + 7) + (81 - 78)
309,(100 + 55) + (81 - 21)
310,(98 - 76) + (94 + 72)
311,-1
312,-1
313,(96 + 88) - 26 - 7
314,(82 - 53) + 31 - 23
315,-1
316,-1
317,(47 * 18) + 77 + 49
318,(10 * 3) - (78 - 52)
319,(79 + 43) + 79 + 29
320,(25 + 25) + (53 - 32)
321,(91 - 24) + (34 - 23)
322,35 + 56 + 75
323,-1
324,-1
325,(20 + 50) + 79 + 32
326,-1
327,-1
328,(95 + 14) + 85
329,-1
330,-1
331,(68 + 36) + (83 - 59)
332,-1
333,-1
334,-1
335,-1
336,(46 + 35) - 29
337,74 + 90 + 11 + 35
338,(84 + 2) + (88 - 10)
339,(98 + 50) + (91 + 20)
340,(95 - 71) + 32 - 9
341,(100 + 17) + (87 + 87)
342,80 + 38 + 30
343,-1
344,-1
345,-1
346,(94 - 79) + 54
347,-1
348,(55 + 44) + 89 - 39
349,-1
350,(90 - 65) + 86 + 52
351,(98 + 43) - 36
352,(64 + 23) + 9 - 2
353,-1
354,(69 - 46) - (50 - 34)
355,(81 - 71) + 46
356,20 * 35 - 57 + 14
357,-1
358,(79 - 22) + 8
359,(82 - 49) + (71 + 63)
360,-1
361,(76 + 77) + 5 + 44
362,(94 + 36) + 77 - 33
363,(15 + 32) - 41
364,79 - 58 + 6
365,(90 + 72) - 61 - 7
366,(64 + 4) + (50 - 42)
367,-1
368,(52 + 20) + (96 - 13)
369,(94 - 49) - (58 - 37)
370,-1
371,(48 + 4) - (80 - 49)
372,-1
373,(100 - 58)
374,-1
375,(86 + 86) + 10
376,-1
377,(66 + 25) + (98 - 5)
378,(3 * 44) + (70 - 62)
379,-1
380,-1
381,-1
382,(99 - 24) - 31
383,(86 - 51) - (72 - 40)
384,(62 + 26) - (87 - 11)
385,-1
386,(91 + 79) - 66
387,16 * 45 + 95
388,78 + (22 - (65 - 46))
389,(35 + 53) + (49 - 6)
390,-1
391,-1
392,-1
393,-1
394,(97 - 51) - (59 - 27)
395,-1
396,43 + 8 + 35
397,26 * 3 + 38 - 25
398,(49 + 3) + 96 + 46
399,-1
400,-1
401,46 + 72 + 44
402,-1
403,(46 * 10) + 98 - 45
404,-1
405,-1
406,(77 + 39) + (36 - 35)
407,(96 - 72) + 12
408,(70 + 79) + (53 - 78)
409,-1
410,-1
411,(52 - 46) + 6
412,-1
413,-1
414,-1
415,-1
416,(70 - 42) + 5
417,(30 + 16) - (58 - 31)
418,-1
419,-1
420,(85 - 72) + 26 + 42
421,(98 + 80) - 92 + 48
422,(53 - 34) + (69 - 51)
423,-1
424,(72 + 63) - 55 + 47
425,-1
426,-1
427,(42 + 36) - (80 - 67)
428,19 + 74
429,-1
430,-1
431,14 + 50 + 19
432,-1
433,-1
434,(87 + 1) + (71 + 50)
435,6 + 10 + 49
436,(99 - 59) + (13 + 45)
437,(68 + 39) + (96 - 93)
438,-1
439,-1
440,-1
441,(34 * 4) - (76 - 55)
442,(90 + 73) + 65 - 23
443,-1
444,(26 + 15) - 19 + 6
445,(85 - 65) + 19
446,(44 + 26) - (63 - 59)
447,(93 - 30) - (75 - 13)
448,-1
449,(64 + 48) + (26 + 25)
450,-1
451,-1
452,(98 - 22) + 30 + 76
453,(92 + 39) + (36 - 30)
454,-1
455,(40 - 30) + (12 + 6)
456,55 + 8 + 10
457,(79 + 67) + (82 + 55)
458,72 + 33 + 100
459,-1
460,(80 + 50) - (99 - 42)
461,(55 + 13) - (73 - 46)
462,-1
463,-1
464,-1
465,-1
466,-1
467,-1
468,(60 / 6) + 78 + 42
469,(29 + 28) + (93 - 79)
470,100 + 16 * 2
471,(58 + 30) + 55
472,71 - (99 - 81)
473,(71 + 97) - 13 - 49
474,-1
475,-1
476,-1
477,(35 + 29) + (26 + 7)
478,-1
479,-1
480,-1
481,-1
482,(12 + 16) + (89 - 86)
483,-1
484,-1
485,74 + 93 - 6 + 2
486,(73 - 46) + (48 - 30)
487,(40 + 24) - (79 - 61)
488,26 * 17 - 2 - 51
489,(40 + 96) - 73
490,-1
491,-1
492,(81 - 34) - 1
493,-1
494,-1
495,(95 - 44) - 33
496,-1
497,3 * 67 + 5
498,(78 + 55) - 49
499,21 * 11 - 89
500,(96 + 74) - 42 + 36
501,-1
502,(66 + 33) + (96 - 38)
503,(82 - 77) + (26 - 27)
504,-1
505,-1
506,68 + 20 - 24
507,79 - 19 + 1
508,-1
509,8 * (47 - 35)
510,(86 + 62) + 36 + 46 - 17
511,(72 + 35) - 75 - 1
512,(64 + 47) + 88
513,(93 + 36) + 53
514,-1
515,-1
516,-1
517,16 * 11 + 52
518,-1
519,7 * 79
520,-1
521,(73 + 66) + 26 - 4
522,-1
523,-1
524,-1
525,-1
526,7 * 89 + 94
527,(60 + 63) + (93 + 65) + 68 + 53
528,90 - 36 - (83 - 75)
529,(85 - 69) + (92 - 86)
530,(94 + 68) + 80 - 5
531,(92 + 86) + 65 + 62 + 89
532,5 * 46 - 29
533,99 - 66 - 20
534,(24 + 100) - 76 - 6
535,(43 + 12) + (94 - 64)
536,(13 + 67) - (97 - 67)
537,39 * 6 + 19
538,-1
539,95 + (95 - 57)
540,(73 + 28) + (72 + 41)
541,-1
542,(75 + 6 + 37) + 61
543,93 + 32
544,(10 + 84) - 90
545,82 + 78 - 66
546,(65 - 18) + 88 - 98
547,(92 + 91) - 86
548,-1
549,(54 + 18) + 25 - 5
550,-1
551,82 - 24 - 50 + 24
552,80 * 11
553,49 * 17 + 84
554,94 * 7 + 25 - 11
555,85 + 58 + 67
556,(74 + 58) - (75 - 14)
557,-1
558,-1
559,-1
560,26 + 40
561,-1
562,(97 - 48) + (41 - 40)
563,-1
564,18 * 23 + (81 - 74)
565,37 + 80 + 68
566,68 + (28 - (41 - 33))
567,62 + 67 + 15
568,88 + 69 + 69
569,16 + 28 + 74 - 2
570,-1
571,-1
572,-1
573,-1
574,(75 - 17) + 4 + 20
575,52 + 66 + 71 + 15 + 61
576,-1
577,-1
578,24 * 9
579,-1
580,46 + 36 - 28 + 73
581,-1
582,-1
583,-1
584,(67 - 18) + 62 - 12
585,57 + 69 + 70 + 26
586,55 + (80 - 73) + (51 - 18)
587,(50 + 48) + (90 + 90)
588,(37 + 30) - 36 + 24
589,(76 - 25) + 10
590,-1
591,(71 - 5) - (45 - 1)
592,-1
593,(86 + 29) - 53
594,(96 + 84) - (94 - 82)
595,35 * 8 + 51 - 42
596,(81 + 10) - 44 + 35
597,(90 / 30) + (54 - 28)
598,(58 + 75) + (85 - 46)
599,-1
600,(78 + 89) + 16
601,75 + 16 + 36
602,-1
603,-1
604,(11 + 75) + 50 + 21
605,-1
606,89 + 64 + 48
607,-1
608,-1
609,(16 + 70 + 36)
610,(71 + 10) + (44 - 4) + 30
611,(96 * 5) + 42
612,(74 - 20) + 41
613,-1
614,((86 - 38) + 33 + 23)
615,(74 - 77) + 2 + 18
616,-1
617,-1
618,(69 - 52) + 61
619,(57 + 57) + (85 - 13)
620,(65 - 64) + 7
621,-1
622,-1
623,(90 + 42) - 79 + 42
624,(37 + 54) - 35
625,55 - 19 + 32
626,(54 * 4) - 77 + 56
627,(42 + 22) + (79 - 61)
628,-1
629,-1
630,-1
631,-1
632,24 * 3 + 82
633,69 + 17 + 9
634,-1
635,54 - (66 / 33)
636,(84 - 30) + 37 + 6
637,-1
638,(35 + 75) + 90
639,(98 + 58) - 42
640,-1
641,-1
642,(23 + 7) + (62 - 16)
643,(97 - 75) + (93 + 2)
644,79 - 36 + 23 - 42
645,-1
646,-1
647,-1
648,-1
649,(81 - 27) + (95 - 61)
650,(48 * 3) + 50
651,(80 + 18) + 35 + 55
652,(61 * 5) - (66 + 58)
653,27 + 38 + 39
654,-1
655,42 + 63 + 62
656,-1
657,-1
658,47 * 9 + 37
659,-1
660,(61 * 10) - 27 - 22
661,-1
662,(63 + 57) - 84 + 62
663,(68 + 88) - 28
664,62 - (60 - 45 - 14)
665,16 * 29 + 78 - 67
666,-1
667,(82 + 40) + (59 - 24)
668,-1
669,-1
670,(90 - 80) + (87 - 61) - 4
671,-1
672,(99 - 66) - (41 - 15)
673,(48 - 37) + 40
674,91 - 63 - 19
675,94 - (32 - 31)
676,(79 - 11) - (96 - 78)
677,-1
678,-1
679,37 + 23 + 3 + 10
680,(87 - 30) - (90 - 70)
681,-1
682,61 + (93 - 75) + (44 - 43)
683,(85 - 83) + 45
684,(23 + 51) - 72
685,-1
686,-1
687,-1
688,52 + 7 + 31
689,-1
690,(100 + 15) + 56 + 2
691,10 + 88 + 30
692,(64 + 6) + (22 - 6)
693,-1
694,-1
695,-1
696,(72 - 20) + (60 - 32)
697,51 + (92 - 57) - 34
698,(80 - 60) - (26 - 8)
699,81 + 39
700,-1
701,(31 + 27) + 17
702,(48 + 48) + 8 + 19
703,(50 + 47) + (51 - 54)
704,-1
705,94 + 84 + 25 + 83 + 62
706,-1
707,-1
708,54 + 53 + 69
709,82 - 66
710,-1
711,-1
712,(92 + 75) - 91 + 76
713,-1
714,-1
715,(62 + 19) + (94 - 6)
716,-1
717,(61 - 34) + (25 + 18)
718,-1
719,(82 + 16) - 87
720,-1
721,(85 - 35) + 70
722,(58 + 47) - (74 - 2)
723,46 + 90 + 84
724,(72 + 36) + (37 - 37)
725,-1
726,(87 + 13) + 92
727,-1
728,-1
729,-1
730,(45 + 52)
731,(89 + 50) + (80 + 67) - 23
732,-1
733,67 + (17 - 10) - 3
734,(58 - 34) + (59 - 57)
735,95 + 37 + 72 + 11
736,(87 - 20) + 17
737,(81 - 76) + (94 - 51)
738,65 + 21 + 28
739,6 + 12 + 25
740,77 + 67 + 95
741,(68 - 2) + (65 - 57)
742,36 * 8 + 30
743,-1
744,-1
745,87 - 81 + 62 - 21
746,-1
747,(67 - 34) + 55 + 86
748,-1
749,22 / (31 - 20)
750,-1
751,(96 - 64) + 57 + 70
752,-1
753,-1
754,-1
755,(94 - 54) - 1
756,-1
757,31 + 34 + 33 + 31 + 83
758,(94 - 53) + 30
759,(94 + 19) - 59 - 42
760,-1
761,-1
762,(70 + 42) - 78 + 10
763,-1
764,-1
765,26 + 18 + 10
766,-1
767,35 + 99 + 31
768,-1
769,-1
770,(85 - 33) + (70 - 46)
771,(66 - 4) + 3 + 48
772,(88 + 9) + (98 - 46)
773,(75 + 41) - 17 + 5
774,-1
775,66 + 26 + 60
776,(24 + 66) - (94 - 83)
777,-1
778,-1
779,57 + 98 + 27
780,83 + 19 - 36 - 44
781,-1
782,-1
783,(51 + 11) + (66 + 96)
784,96 - 31
785,-1
786,-1
787,(41 + 32) - (99 - 79)
788,-1
789,-1
790,38 + 64 + 2
791,-1
792,(73 - 66) + (39 - 10)
793,-1
794,-1
795,-1
796,57 - (50 - 38) - (39 - 25)
797,(93 - 76) + (72 - 55) + 23
798,(99 - 93) + (44 - 36)
799,-1
800,-1
801,36 + (30 - 98) + 79
802,37 - (78 - 62)
803,-1
804,-1
805,-1
806,-1
807,(42 - 6) - (98 - 73)
808,(36 + 69) + (77 - 32)
809,(86 - 83) + (54 - 6)
810,3 * 89 - 3
811,-1
812,(94 + 94) + 81
813,-1
814,84 + (47 - 23) - 21
815,9 * 67 - 56 - 13
816,-1
817,(93 - 74) + (30 - 27)
818,86 + 39 - 15
819,(63 - 4) + 23
820,66 + 9 + 71
821,-1
822,(74 - 71) + 24
823,87 - 43 + 60 - 22
824,-1
825,(29 * 4) - 6
826,-1
827,-1
828,85 + 92 + 8
829,-1
830,30 + 47 + 78 + 65 + 72
831,-1
832,(72 + 70) - 41
833,41 + 96 + 85 - 70
834,(97 - 61) + 16 + (82 - 64)
835,79 + 57 + 97 + 64
836,-1
837,99 + 32 + 47 - 33
838,(92 - 66) + (34 - 32)
839,(82 - 51) - (62 - 41)
840,(58 + 34) - (97 - 88)
841,-1
842,-1
843,-1
844,(37 + 39) + (78 - 58) + 55
845,(95 + 69) - 27
846,(84 - 58) + (61 - 61)
847,-1
848,(70 - 53) + 31 + 100
849,58 + 25 + 69
850,(97 - 82) + (53 - 28)
851,-1
852,(8 + 69) - (97 - 47)
853,(96 - 55) - 40 + 38
854,(12 * 2) + 48 + 58
855,79 + 74 - 92 + 52
856,(99 - 57) + (75 - 56)
857,-1
858,34 - (94 - 68)
859,61 + 21 + 77
860,-1
861,(92 - 50) - 27
862,(26 + 38) - 59
863,-1
864,(86 + 43) + 63 - 4
865,-1
866,(99 - 48) - 31 + 70
867,(99 + 35) + 10 + 14
868,-1
869,74 + 54
870,(46 + 58) - (91 - 41)
871,33 * 17 + 2
872,-1
873,-1
874,(81 - 5) + 16
875,(62 * 14) + 22
876,-1
877,(93 + 27) - 7
878,78 / 39
879,-1
880,57 + 63 + 74 + 84
881,(67 + 58) + 29
882,(70 - 12) - 15
883,(85 - 40) + 80
884,54 + 81 + 15
885,-1
886,(90 + 81) + (47 + 55)
887,87 - 41
888,-1
889,(68 + 58) + (61 - 54)
890,-1
891,-1
892,(23 - 11) + (32 - 25)
893,(74 - 60) + 41
894,(71 - 45) - (64 - 67)
895,-1
896,-1
897,(74 + 28) + (91 - 44)
898,57 - 4
899,(82 + 6) + 17 - 8
900,-1
901,(79 + 23) + (100 + 77)
902,56 + 34 + 85
903,(91 + 85) - 52 + 13
904,6 + 97 + 59
905,35 * 15 - 37
906,(98 + 15) + (91 - 20)
907,92 + 32 - 9
908,-1
909,(83 + 51) - 99
910,-1
911,-1
912,23 + 84 + 68 + 56
913,-1
914,90 - (22 - 19)
915,-1
916,-1
917,22 * 9 + 45 + 45
918,(86 + 88) - 39 + 86
919,72 / 4 + 30 - 7
920,(71 + 21) + 98
921,99 - 5 * 16
922,(69 - 44) + (84 - 54)
923,-1
924,-1
925,(61 + 73) + 92
926,-1
927,(98 - 31) - (41 - 28)
928,-1
929,-1
930,(79 + 5) + (16 + 12)
931,-1
932,(70 + 62) + (73 - 56)
933,(91 - 60) + 52 + 26
934,(47 * 4) + 43 + 89
935,(60 + 20) - 3
936,(96 - 83) + 57 - 59
937,-1
938,(29 + 96) - 89 + 66
939,-1
940,71 + 88 + 91
941,-1
942,(73 + 15) - 11
943,(52 + 33) + (69 - 50)
944,(77 - 65) + 7 + 76
945,-1
946,-1
947,-1
948,(25 - 6) + 33 + 8
949,-1
950,(75 + 53) - 37 + 79
951,86 + 69 + 48 + 50 + 27
952,-1
953,(61 - 45) + 39
954,-1
955,63 + (80 - 69) + 36
956,(90 + 67) - 72
957,-1
958,-1
959,-1
960,(85 - 86) + (39 - 26)
961,(83 - 49) + 91
962,(100 - 42) + 45 + 68
963,-1
964,80 - 33
965,-1
966,-1
967,(71 + 24) + (48 + 25)
968,(72 + 78) + 74
969,(51 + 79) + (64 + 92)
970,-1
971,(80 + 41) + (97 - 23)
972,6 * 34 + 80 - 89
973,80 + 53 + 2
974,-1
975,58 + 22 + 78 - 41
976,-1
977,-1
978,8 + 44 + 60
979,-1
980,(96 + 60) + 33 + 70
981,90 + (32 - 10) - 1
982,-1
983,-1
984,-1
985,-1
986,-1
987,94 + 100 + 32
988,-1
989,26 * 15 - 60
990,-1
991,(82 + 24) - (87 - 51)
992,-1
993,-1
994,(22 * 3) + 44 + 35
995,(95 - 34) + 54
996,-1
997,7 + 74 + 15 + 55 + 97 + 44
998,(68 - 4) - (37 - 4)
999,(94 + 38) + (72 + 29)
1000,2 * 12 + 70
1001,(47 - 22) + (29 + 37)
1002,-1
1003,(14 * 8) - 70
1004,-1
1005,(56 + 22) - 36
1006,(6 * 33) + (74 + 60)
1007,-1
1008,-1
1009,(98 - 96) + 36 - 26
1010,(53 - 29) + 45 + 1
1011,-1
1012,-1
1013,(82 + 67) + (71 - 35)
1014,75 - 31 + 18
1015,(26 + 17) + 87 + 100 + 41
1016,(48 * 3) + 19 + 97
1017,92 + (58 - 20) - 37
1018,-1
1019,(97 - 78) + (48 + 13)
1020,(98 + 61) + 58 + 9
1021,(19 * 32) + 66
1022,(29 + 2) + (68 - 50)
1023,(89 - 78) + 22 + 10
1024,-1
1025,(86 + 53) + (100 - 97)
1026,(70 - 9) + 46 + 18
1027,-1
1028,-1
1029,-1
1030,-1
1031,(77 - 65) + 43
1032,-1
1033,(97 - 77) + 4 + 47
1034,-1
1035,-1
1036,-1
1037,-1
1038,15 + 30 + 54
1039,(89 - 61) + (82 - 17)
1040,(89 + 63) + 23 + 2
1041,-1
1042,(61 + 41) - (38 + 28)
1043,-1
1044,50 * 18 + 17 + 22
1045,(78 - 14) + (68 + 52)
1046,86 - (60 - 22)
1047,33 + (49 - 32)
1048,(5 * 23) + (18 + 47)
1049,-1
1050,-1
1051,-1
1052,(87 - 29) - (35 - 20) - 27
1053,(98 + 16) + (87 - 14)
1054,-1
1055,-1
1056,-1
1057,-1
1058,-1
1059,54 + (56 - 31) - 20
1060,(88 - 64) + (60 + 72)
1061,(77 - 19) + 63 - 14
1062,-1
1063,26 + 70 + 73
1064,(3 + 8) + 6 + 74 - 58
1065,-1
1066,(58 + 83) - 48 - 82
1067,-1
1068,60 + 31 - 73 + 89
1069,(67 + 85) + (51 + 3)
1070,-1
1071,-1
1072,30 * 25 + 11
1073,(70 + 77) + 34 + 75
1074,(81 - 79) + 55
1075,98 + 16 + 86 + 99
1076,-1
1077,-1
1078,-1
1079,-1
1080,-1
1081,-1
1082,-1
1083,(79 + 62) + (42 - 10)
1084,(81 - 38) + 2 + 35
1085,(69 - 39) - (41 - 35)
1086,(69 + 37) - (64 - 48)
1087,-1
1088,(77 - 52) + (54 + 71)
1089,-1
1090,-1
1091,-1
1092,-1
1093,(64 + 8) + (51 - 48)
1094,28 * 25 + 18 + 38
1095,(52 + 40) + (68 - 42)
1096,-1
1097,60 - (61 - 36)
1098,-1
1099,(97 + 27) + (99 + 92)
1100,-1
1101,(65 + 27) + 41
1102,-1
1103,95 + 100 - 78 + 79
1104,95 + (16 - (78 - 64))
1105,-1
1106,-1
1107,-1
1108,-1
1109,-1
1110,(7 + 95) + (72 + 94)
1111,(83 - 66) + 64
1112,88 + 66 + 50 + 45 + 4
1113,(86 - 78) + (31 - 6)
1114,(20 + 39) - (67 - 59)
1115,(87 - 24) + 7 + 4
1116,-1
1117,-1
1118,(82 - 54) + 17 - 37
1119,(89 + 40) - 11
1120,14 + 14
1121,-1
1122,-1
1123,-1
1124,-1
1125,-1
1126,(58 + 14) - (81 - 57)
1127,37 + 38 + 73 + 25 + 63
1128,(6 * 18) + 91 + 83
1129,(70 + 41) + (80 - 48)
1130,-1
1131,-1
1132,-1
1133,-1
1134,(85 - 15) + 1
1135,-1
1136,54 + (28 / 2) - 13
1137,-1
1138,-1
1139,20 * 10 + 3 + 7
1140,(85 - 60) + 3 + 84
1141,-1
1142,(95 - 52) + 21 + 85
1143,61 + 23 + 69
1144,-1
1145,-1
1146,(88 + 37) - 56
1147,(35 + 41) + 100 - 30
1148,(99 - 72) + 11
1149,-1
1150,63 - 20
1151,-1
1152,-1
1153,-1
1154,-1
1155,(79 + 58) + (72 - 17)
1156,(91 + 16) - 13 - 76
1157,-1
1158,-1
1159,76 - 52
1160,-1
1161,(41 + 37) + (83 - 47)
1162,-1
1163,(32 + 42) - (47 - 1)
1164,-1
1165,(28 + 7) - (63 - 55)
1166,78 + 62 + 79
1167,41 + 74 + 60
1168,62 + 1 - 3
1169,98 + 94 - 13 - 7
1170,-1
1171,-1
1172,-1
1173,(68 - 29) + 40
1174,65 * 4 - 1
1175,-1
1176,-1
1177,-1
1178,61 + 94 + 9 + 3
1179,82 + 38 + 22
1180,-1
1181,96 * 4 - 88 - 79
1182,(93 - 67) + 29
1183,62 + 52 - 4
1184,85 + (26 - 20) + (48 - 53)
1185,53 - (63 - 43)
1186,(96 + 45) + 48 + 5
1187,-1
1188,(81 - 16) - (72 - 51)
1189,(82 - 67) + (14 - 4)
1190,-1
1191,(21 + 60) - 78
1192,32 + 3 + 82 - 9
1193,-1
1194,-1
1195,(93 + 64) - 87
1196,-1
1197,(70 - 53) - 4
1198,97 + 20 + 71
1199,90 - (27 - 24)
1200,-1
1201,49 - (64 - 55) - 1
1202,-1
1203,-1
1204,-1
1205,(42 + 66) - 34 - 55
1206,-1
1207,-1
1208,-1
1209,-1
1210,33 - 2 - 18
1211,-1
1212,-1
1213,48 + 54 + 23
1214,(83 - 35) - (38 - 30)
1215,-1
1216,(43 + 50) - 46
1217,(97 + 38) - 22 + 38
1218,-1
1219,33 * 7 + 43
1220,-1
1221,-1
1222,-1
1223,(68 - 52) + 40
1224,(56 + 84) + (42 + 36)
1225,(86 + 46) - (88 - 6)
1226,-1
1227,(76 - 66) + (35 - 28)
1228,-1
1229,-1
1230,45 + 40 + 29 - 26
1231,73 + 22
1232,-1
1233,(66 - 34) + 35
1234,(94 - 89) + (76 - 31)
1235,(87 - 75) + (26 - 4)
1236,-1
1237,-1
1238,58 + 69 + 36
1239,87 + 95 - 42 - 22
1240,-1
1241,66 + 34 + 23
1242,14 + 66 + 83 + 31
1243,(36 + 14) + (91 - 70)
1244,-1
1245,(52 + 61) + (71 - 31)
1246,(86 - 75) + 77 - 37
1247,(99 - 81) - 16
1248,88 + 19 - 22
1249,96 - 79 + 34 + 47
1250,-1
1251,(85 + 75) + (80 + 15)
1252,74 + 24 + 32 + 2 + 11
1253,-1
1254,-1
1255,26 * 12 + 54
1256,33 + 2 + 45
1257,-1
1258,-1
1259,37 - 24
1260,(78 + 37) + (78 - 55)
1261,-1
1262,(15 + 13) - (71 - 44)
1263,-1
1264,-1
1265,(72 + 10) - (83 - 7)
1266,61 - 23
1267,(9 + 1)
1268,(95 - 40) - 22
1269,(73 + 48) + 30 + 40
1270,-1
1271,75 - (14 / 14)
1272,(60 + 48) - (68 - 40)
1273,-1
1274,-1
1275,(7 * 13) - (99 - 27)
1276,(47 + 16) + 48 + 2
1277,(89 - 67) + 10
1278,-1
1279,5 * 4 + 20
1280,-1
1281,(12 * 15) + 78 + 91
1282,-1
1283,(50 - 22) + 4
1284,-1
1285,-1
1286,55 + 9 + 55
1287,-1
1288,-1
1289,-1
1290,(78 - 19) + 56
1291,-1
1292,-1
1293,-1
1294,-1
1295,-1
1296,(92 + 47) - 3
1297,(93 + 23) + (83 + 6)
1298,(95 + 73) - 57 + 43
1299,-1
1300,(45 - 32) + (37 + 7)
1301,(3 * 20) - 42 - 13
1302,-1
1303,50 + 59 + 83 + 11
1304,18 + 59 - 67
1305,-1
1306,58 + 4 + 1 + 42
1307,(97 - 78) + (30 - 17)
1308,(87 - 15) + 26
1309,82 + 84 - (85 - 71)
1310,-1
1311,-1
1312,(97 + 74) + (97 + 74) + 84
1313,-1
1314,(56 + 29) + (60 + 84) + 34
1315,-1
1316,(75 - 67) / 2
1317,(35 * 4) - 22
1318,(12 * 18) - (37 + 28)
1319,-1
1320,-1
1321,-1
1322,-1
1323,(88 + 30) + 8
1324,-1
1325,-1
1326,-1
1327,(1 * 82) + 86
1328,(59 - 39) - 11 - 6
1329,-1
1330,-1
1331,-1
1332,(86 - 56) + (41 + 23)
1333,-1
1334,-1
1335,(76 - 68) + (67 - 17)
1336,21 * 33 - 42 - 20
1337,-1
1338,27 + 70 + 98 + 63
1339,(70 + 39) + (91 + 35) + 1
1340,-1
1341,(11 * 10) - 57
1342,(79 + 35) + 74
1343,-1
1344,-1
1345,-1
1346,98 + 37 + 94 + 74
1347,-1
1348,-1
1349,72 + 55 - 21 - 3
1350,(80 - 78) + (55 - 35)
1351,(82 + 74) - (87 - 43)
1352,(92 - 36) + 61 + 30
1353,-1
1354,-1
1355,(25 + 31) + 17 - 3
1356,39 + 19 + 19
1357,85 - (54 - 35 - 12)
1358,66 * 7 + 60 + 31
1359,-1
1360,-1
1361,86 + 99 - 40
1362,(69 + 43) + (76 - 60)
1363,-1
1364,(97 - 47) + (63 + 25)
1365,-1
1366,-1
1367,(92 + 30) + 67 + 3
1368,-1
1369,-1
1370,(43 + 59) - 92
1371,-1
1372,-1
1373,(76 - 53) + 58
1374,(59 + 10) + (15 - 2)
1375,-1
1376,-1
1377,(40 + 73) - 62
1378,-1
1379,-1
1380,(90 + 54) - 36
1381,(51 - 39) + (36 - 3)
1382,55 + 1 + 78 + 22
1383,(80 - 41) + 26
1384,(65 + 84) + 17 + 32
1385,(94 - 78) + (59 - 31)
1386,(57 - 55) + 100 - 80
1387,-1
1388,-1
1389,(4 + 51)
1390,(8 * 19) - 43 - 19
1391,30 + 17 - 3
1392,70 * 11 - 64
1393,(34 + 28) + (78 - 36)
1394,-1
1395,-1
1396,-1
1397,72 + 55 + 95 + 25
1398,(37 * 7) + (55 - 19)
1399,2 * 14 + 95 - 66
1400,-1
1401,22 + 97 + 76
1402,-1
1403,(87 - 39) + (71 - 57)
1404,-1
1405,(66 + 90) - 87
1406,-1
1407,(93 - 20) + (88 + 44)
1408,(41 + 38) - (58 - 46)
1409,-1
1410,-1
1411,59 + 27 + 38
1412,(87 - 66) + 14 + 3
1413,(64 + 59) + (70 - 44)
1414,(25 + 34) - (91 - 43)
1415,(77 - 55) + (99 - 96)
1416,-1
1417,(100 - 41) + (74 - 71)
1418,84 * 8 + 12 + 68
1419,(92 + 41) - 20 - 12
1420,-1
1421,-1
1422,(80 + 42) - 26
1423,-1
1424,(92 - 84) * (8)
1425,(46 + 34) - (52 - 28)
1426,-1
1427,(82 - 69) + 6
1428,-1
1429,-1
1430,(60 + 19) - (89 - 51)
1431,36 * 18 - 30
1432,(73 + 31) - (89 - 63)
1433,(54 + 9) + 10
1434,-1
1435,(20 * 3) + 95 + 63
1436,(95 - 54) + (99 - 93)
1437,(97 - 31) - (99 - 56)
1438,86 - (24 + 28) - 16
1439,(100 - 73) + 95
1440,24 + 44 + 77 + 73
1441,(96 - 20) - 59
1442,-1
1443,-1
1444,-1
1445,(98 + 65) + 34
1446,-1
1447,93 + 72 + 48
1448,-1
1449,88 - 15 - 49
1450,99 + 98 + 24 + 69 + 68
1451,-1
1452,(38 + 83) + (87 + 19) + (96 + 19)
1453,-1
1454,-1
1455,-1
1456,-1
1457,-1
1458,(94 - 56) + (68 - 17)
1459,-1
1460,(82 - 69) + (28 - 21)
1461,(58 + 56) + (85 + 34)
1462,(12 + 34) + (77 - 76)
1463,(75 + 94) + (85 + 44)
1464,(75 + 84) + (95 - 61)
1465,-1
1466,(38 + 23) + 11 + 86
1467,(21 * 10) + 16
1468,(78 + 49) + (93 + 36)
1469,-1
1470,(70 + 45) - (78 - 58)
1471,(31 - 13) - 10
1472,20 - (73 - 70) - 9
1473,45 - 32 + 14 - 4
1474,(82 - 65) + 44 + 8
1475,-1
1476,(4 * 9) + (60 - 42)
1477,-1
1478,-1
1479,(80 - 66) + 62
1480,(74 - 28) + 41
1481,(68 - 42) + (44 - 37) + 2
1482,-1
1483,-1
1484,(19 * 18) + (51 + 77)
1485,-1
1486,-1
1487,-1
1488,43 - (63 - 60)
1489,86 + 75 + 13
1490,-1
1491,46 + 47 + 71
1492,(18 * 3) + 17 + 71
1493,93 - 41 - 39
1494,17 + 28 + 36
1495,-1
1496,-1
1497,-1
1498,75 + 79 + 95
1499,48 * 2 + 27
1500,44 * 7 - 43 - 50
1501,-1
1502,-1
1503,63 + 56 + 61 + 46
1504,-1
1505,-1
1506,-1
1507,(45 + 37) + (69 - 27)
1508,35 + 82 + 52 + 65
1509,-1
1510,(88 + 31) - 40 + 33
1511,62 + 52 + 7 + 24
1512,-1
1513,(62 + 40) - (84 - 9)
1514,-1
1515,(79 - 69) + (51 + 1)
1516,-1
1517,(62 + 60) - 94
1518,(82 - 44) + (72 - 81)
1519,-1
1520,(97 - 55) + (96 - 10)
1521,(57 - 12) + 41
1522,26 + 11 + 29 + 25
1523,-1
1524,96 * 8 + 81 - 76
1525,-1
1526,(100 - 53) + 92
1527,(95 - 35) + (78 + 15)
1528,-1
1529,(83 - 43) + (75 + 89)
1530,(93 + 71) + (99 - 31)
1531,-1
1532,(45 - 25) + (100 - 76)
1533,(37 + 60) + 72 + 83
1534,(87 - 18) - (92 - 59)
1535,(75 - 24) + (96 - 95)
1536,(79 + 65) - (97 - 41)
1537,24 + 9 + 56 + 92
1538,(68 + 42) + (79 - 17)
1539,(41 + 29) - 12
1540,28 + 14 + 2
1541,-1
1542,-1
1543,46 - 14
1544,-1
1545,58 - 42
1546,(69 - 26) + (30 - 23)
1547,-1
1548,(76 + 38) - (91 - 50)
1549,(97 - 76) + 20
1550,(44 + 25) + (58 - 43)
1551,-1
1552,(33 * 5) + 7
1553,-1
1554,(81 + 59) - 93
1555,-1
1556,24 * 42 - 57
1557,(93 + 31) + (36 + 96)
1558,-1
1559,-1
1560,-1
1561,-1
1562,-1
1563,(100 + 62) + 90 - 10
1564,-1
1565,(72 - 65) + (26 + 33)
1566,-1
1567,(56 + 55) - 92
1568,15 + 93 - 88
1569,(84 - 45) + 22
1570,-1
1571,-1
1572,(62 + 74) - 79 + 67
1573,25 + 9 + 42
1574,21 + 92 + 73
1575,-1
1576,-1
1577,-1
1578,-1
1579,64 + 29
1580,(20 + 83) + 59 - 48
1581,-1
1582,(21 + 46) - (98 - 57)
1583,(92 + 62) - 25 + 17
1584,(8 * (79 - 61))
1585,(66 - 33) + 5 + 19
1586,(35 - 13) + 41 + 7
1587,-1
1588,-1
1589,-1
1590,-1
1591,-1
1592,-1
1593,24 * 1 + 64 + 73
1594,-1
1595,-1
1596,-1
1597,(97 + 25) + 74
1598,(9 * 96) + 37 + 64
1599,(39 + 4) + 71 - 34
1600,-1
1601,-1
1602,(78 + 52) * (89 - 18) / 71
1603,46 * 12 + 80 - 79
1604,(100 - 61) + 26 + 13
1605,(67 + 94) - 17
1606,-1
1607,-1
1608,-1
1609,(78 + 16) + (85 + 96)
1610,56 - 15
1611,-1
1612,(99 - 59) + (58 + 20)
1613,-1
1614,(60 + 25) + (98 - 15)
1615,(82 + 82) + 52 + 67
1616,-1
1617,27 + 16 + 94 + 44 + 64
1618,(96 + 93) + (2 + 91)
1619,81 - 15
1620,79 + 29 + 6 + 56
1621,(89 - 76) - (86 - 80)
1622,44 - (81 - 63)
1623,-1
1624,12 * 43 - 5
1625,(99 + 71) + (74 + 10)
1626,(74 - 13) - 19
1627,44 + (92 - 86)
1628,(77 + 29) + (79 + 38)
1629,(96 - 79) + (56 + 67)
1630,-1
1631,21 + 83 + 68 + 7 + 58
1632,-1
1633,6 * 42 + 87
1634,(26 * 20) + 95 + 20
1635,-1
1636,-1
1637,(82 - 70) + (69 - 40)
1638,(25 + 99) - 18
1639,67 - 62
1640,(38 + 30) + (93 - 26)
1641,-1
1642,-1
1643,-1
1644,(80 + 46) - 68
1645,(58 + 11) - (74 - 61)
1646,41 + 83 + 89 + 92
1647,-1
1648,87 + (100 - 75) - 10
1649,(60 + 36) - 52
1650,-1
1651,-1
1652,(32 + 91) - 93
1653,-1
1654,(37 + 36) + (61 - 55)
1655,(72 + 57) - 46
1656,(96 + 17) + 24 + 12
1657,(73 + 39) + (95 + 71)
1658,87 + 71 - 6 + 5
1659,-1
1660,-1
1661,-1
1662,(91 + 71) - 48 + 93
1663,-1
1664,(93 - 92) + (78 - 73)
1665,(89 - 23) + 63 + 1
1666,-1
1667,(77 + 50) + (26 + 39)
1668,(100 - 68) + 61 + 98
1669,-1
1670,(82 + 67) - 88 - 46
1671,(82 - 79) + (25 + 81)
1672,(83 + 45) - 10
1673,-1
1674,-1
1675,-1
1676,-1
1677,-1
1678,(97 + 24) - 78 + 92
1679,48 + (70 - 53)
1680,88 + 43
1681,54 + 65 + 33 + 23
1682,20 + (93 - 66) + 86
1683,-1
1684,(98 + 88) + (78 - 4)
1685,(90 - 83) + 40
1686,-1
1687,-1
1688,39 * 21 + 91
1689,-1
1690,(79 - 40) - 10
1691,-1
1692,(22 + 55) - (82 - 48)
1693,14 + 99 + 73 + 16
1694,44 + 88
1695,-1
1696,(65 + 17) + (73 - 69)
1697,60 * 13 - 72
1698,-1
1699,86 - 12 * 4
1700,(53 + 24) + (49 - 39)
1701,-1
1702,(45 + 8) - (95 - 52)
1703,-1
1704,85 + 85 + 55 + 36
1705,(19 + 51) + (71 - 64)
1706,(78 - 46) - (87 - 57)
1707,(8 + 66) + 81 + 77
1708,-1
1709,(16 - 7) * 11
1710,-1
1711,(51 + 27) + 16 + 96
1712,-1
1713,(93 + 59) + (94 - 21)
1714,-1
1715,-1
1716,-1
1717,(60 - 22) + 51
1718,-1
1719,(80 + 69) - 5
1720,(56 + 52) - 63 + 54
1721,(74 + 7) + 17 + 31
1722,-1
1723,-1
1724,80 - 33
1725,26 * 9 + 75 - 64
1726,(55 + 82) + 9 + 88 + 56
1727,(59 * 17) - 68
1728,(94 - 38) + 33 + 36
1729,-1
1730,73 - (88 - 60)
1731,-1
1732,(20 + 73) + (41 + 54)
1733,(80 + 76) + (69 - 13)
1734,(74 - 64) + (21 + 30)
1735,-1
1736,-1
1737,-1
1738,(36 + 1) + (94 - 7)
1739,21 * 44 - 33 - 59
1740,(23 + 23) + (73 - 27)
1741,-1
1742,(22 + 16)
1743,99 - 65 + 12 + 73
1744,99 + 3 + 2
1745,-1
1746,-1
1747,-1
1748,(83 - 77) + (68 - 39)
1749,(99 + 78) + (61 + 57)
1750,-1
1751,-1
1752,(80 + 62) - 24 - 5
1753,-1
1754,(88 + 54) + 34 - 4
1755,(99 + 90) - 56 - 19
1756,-1
1757,-1
1758,-1
1759,(64 - 20) + 39
1760,-1
1761,(75 - 43) + (91 - 68)
1762,12 + (74 - 68)
1763,(26 + 86) - (89 - 69)
1764,(42 + 76) - 7 + 43
1765,(92 + 88) + 68 + 82
1766,(23 * 33) + (91 + 90)
1767,(70 + 40) + (32 + 92)
1768,-1
1769,-1
1770,-1
1771,(76 - 22) + (66 - 41)
1772,(9 * 27) - 47 + 78
1773,59 + 15 + 64
1774,88 + 97 + 98
1775,(70 - 63) + (76 - 69) + 1
1776,(93 + 38) - 2
1777,(46 - 11) + 8 + 18
1778,(75 + 66) - 81 - 33
1779,77 + (73 - 70) + 41
1780,-1
1781,(64 - 27) + 7
1782,-1
1783,-1
1784,(83 - 21) + (51 + 45)
1785,(35 - 13) + 8 + 29
1786,-1
1787,-1
1788,69 - (64 - 46)
1789,-1
1790,-1
1791,(70 - 21) - (71 - 52)
1792,(53 + 25) + 32 - 2
1793,(88 + 50) - 43 + 8
1794,(65 - 42) - (46 - 32)
1795,(73 + 20) + (53 - 17)
1796,(56 + 39) + 9 + 45
1797,(85 - 34) - 21
1798,-1
1799,(93 - 75) + (69 - 53)
1800,-1
1801,-1
1802,(88 / 4) + 67 + 31
1803,-1
1804,(87 - 42) - 14
1805,(63 - 21) - (67 - 34)
1806,(87 - 34) + 13 - 28
1807,89 + 32 + 57 + 71
1808,(95 - 57) - (46 - 17)
1809,(61 + 52) + (70 + 3)
1810,(85 + 18) + (12 + 56)
1811,-1
1812,(64 - 48) + (20 - 11)
1813,-1
1814,-1
1815,-1
1816,-1
1817,-1
1818,-1
1819,(88 + 66) - 74 + 18
1820,(75 + 23) + 53 - 36
1821,96 + 65 + 59 - 17
1822,-1
1823,-1
1824,-1
1825,(75 + 23) + (46 + 37)
1826,31 + 91 + 57 + 8
1827,(24 + 87) - 78 - 12
1828,-1
1829,(64 + 23) - (56 - 44)
1830,(55 + 59) + (98 - 33)
1831,-1
1832,66 - (89 - 71)
1833,-1
1834,(34 + 71) - 54 - 37
1835,-1
1836,-1
1837,-1
1838,(74 + 39) + 37 - 7
1839,(55 + 52)
1840,(60 - 39) + 59
1841,89 - (99 - 60 - 27)
1842,-1
1843,76 + 33 + 73 + 68
1844,(30 + 12) - (89 - 76)
1845,(85 - 61) - (89 - 72)
1846,(70 + 12) + 11
1847,(97 - 59) + (83 + 46)
1848,69 - 20
1849,-1
1850,-1
1851,(75 - 56) + (44 - 36)
1852,-1
1853,(100 - 49) - (15 - 2)
1854,-1
1855,-1
1856,-1
1857,(61 + 46) - 89
1858,(89 - 34) - (76 - 42)
1859,-1
1860,27 * 12 + 70
1861,(82 + 75) - (93 - 22)
1862,-1
1863,(95 - 64) + 24 + 54
1864,-1
1865,(94 - 34) - 48
1866,-1
1867,(80 - 4) + 10 + 71
1868,(89 + 60) - 70 - 41
1869,(15 + 11) - (99 - 75)
1870,-1
1871,(86 + 24) + 70
1872,(48 - 32) + (59 - 57)
1873,-1
1874,60 + 9 + 50 - 6
1875,94 + 40 + 25
1876,-1
1877,(79 - 12) - (93 - 53)
1878,(89 + 64) - 73 + 15
1879,-1
1880,(8 * 75) + 24 + 67
1881,34 + 65 + 33
1882,-1
1883,(96 + 46) + 91 + 36
1884,(26 + 10)
1885,-1
1886,(89 - 4) + 88
1887,90 + (77 - 23 - 14)
1888,-1
1889,39 + 91 + 42 - 10
1890,73 + 31 - 17 - 34
1891,(40 + 37) - 21 + 4
1892,-1
1893,53 * 16 - 25
1894,(66 - 38) + (63 - 52)
1895,96 + 16
1896,-1
1897,(93 - 47) + 92 + 40
1898,(90 + 17) + (85 - 93)
1899,(93 - 56) + (63 - 49)
1900,-1
1901,(94 - 47) + 25 + 65
1902,-1
1903,(100 + 43) - 18
1904,-1
1905,(83 + 60) + 37
1906,-1
1907,-1
1908,45 + 35 + 18
1909,-1
1910,-1
1911,(59 - 35) + 89
1912,-1
1913,89 + 92 + 100 - 58
1914,(86 + 73) - 31 + 69
1915,(69 + 93) + 36
1916,-1
1917,-1
1918,-1
1919,(99 - 67) + (96 + 97)
1920,-1
1921,(50 + 84) - 96
1922,-1
1923,(61 - 9) - (80 - 51)
1924,98 - 10
1925,-1
1926,19 * 38 + 2
1927,-1
1928,(80 + 27) - 60 + 55
1929,84 + (95 - 69)
1930,(95 + 75) + 33 + 17
1931,(80 - 85) + (68 - 47)
1932,(72 + 11) + (90 - 67)
1933,(95 + 69) + 41 + 58
1934,(54 + 10) - 36
1935,(16 + 76) - (97 - 83)
1936,(63 - 31) + (29 - 12)
1937,96 - 76
1938,-1
1939,-1
1940,(88 - 26) - (92 - 82)
1941,-1
1942,-1
1943,(71 + 15) + (64 + 57)
1944,(50 + 50) - (70 - 54)
1945,-1
1946,(74 - 46) - 12
1947,69 + 54
1948,(93 + 51) - 25 - 42
1949,(30 - 4) - (61 - 36)
1950,66 + 18
1951,21 + 39
1952,-1
1953,(86 + 99) - 15
1954,24 + 58 + 62 + 24 + 37
1955,-1
1956,(82 + 24) + (89 - 79)
1957,(90 - 26) + 87 + 49
1958,(51 - 39) + (46 - 14)
1959,35 + (33 - 18)
1960,(93 - 38) + (40 + 6)
1961,(76 + 63) - 89
1962,-1
1963,75 + 58
1964,-1
1965,42 * 8 + 77 - 5 - 43
1966,(45 * 8) + 75 + 29
1967,(79 - 43) + 10 + 78
1968,-1
1969,13 + 1 + 19
1970,(62 + 20) - 12 - 13
1971,(78 - 11) - (88 - 48)
1972,(82 + 67) + 57 + 15 - 24
1973,(48 + 41) - (90 - 61)
1974,-1
1975,-1
1976,(64 + 7) + (95 + 58) + 21
1977,(99 - 63) + (91 - 32)
1978,-1
1979,(48 * 7) - 90 - 10
1980,(56 + 38) - (25 - 16)
1981,-1
1982,(51 - 47) + 10
1983,(85 + 67) - 90 + 47
1984,(46 + 39) - 4 - 2
1985,-1
1986,(98 + 50) - 85 + 48
1987,-1
1988,(66 - 90) + (14 + 16)
1989,(84 + 34) + (92 - 3)
1990,(71 + 23) - (82 - 67)
1991,(71 + 66) - 69 + 88
1992,(94 - 79) + 65 + 94
1993,(80 + 39) + (15 - 62) + 89
1994,-1
1995,(84 + 82) + 99
1996,(80 + 10) - 63
1997,(52 + 60) - 83
1998,-1
1999,(94 - 63) - (60 - 39)
